NAME,SIZE,PRICE,SKU,UPC
BOULEVARD CHANGELING 750ML,750ML,15.99,3,726959908944
FOOLPROOF FORECAST 16OZ 4PK CAN,16OZ,13.29,4,83832175412
FOOLPROOF FORECAST 16OZ 4PK CAN,16OZ,13.29,4,W0010077550
FOOLPROOF FORECAST 16OZ 4PK CAN,16OZ,13.29,4,W0010077555
FOOLPROOF FORECAST 16OZ 4PK CAN,16OZ,13.29,4,19962679018
FOOLPROOF FORECAST 16OZ 4PK CAN,16OZ,13.29,4,19962678912
FOOLPROOF FORECAST 16OZ 4PK CAN,16OZ,13.29,4,W0010077559
FOOLPROOF FORECAST 16OZ 4PK CAN,16OZ,13.29,4,19962679315
SLUMBREW GOSEDESTRY 16OZ 4PK CANS,16OZ,12.99,5,851653005283
SLUMBREW GOSEDESTRY 16OZ 4PK CANS,16OZ,12.99,5,W0010036865
RON MATUSALEM CLASICO RUM,750ML,21.99,6,721059167505
RON MATUSALEM CLASICO RUM,750ML,21.99,6,W00530175512
RON MATUSALEM CLASICO RUM,750ML,21.99,6,W00477760173
RON MATUSALEM CLASICO RUM,750ML,21.99,6,811538017237
ROGUE HOT TUB SCHOLARSHIP 6PK CANS,12OZ,13.69,8,95301132499
ROGUE HOT TUB SCHOLARSHIP 6PK CANS,12OZ,13.69,8,W0026078548
CABO WABO ANEJO,750ML,54.99,9,720815910539
CABO WABO ANEJO,750ML,54.99,9,W00477811453
CABO WABO ANEJO,750ML,54.99,9,W00400340022
HERR'S KETTLE SOUR CREAM & ONION 2.625 OZ.,2.6OZ,1.89,11,72600033498
HERR'S KETTLE SOUR CREAM & ONION 2.625 OZ.,2.6OZ,1.89,11,72600000858
MELTHEON WILD TYME 450G,15.5O,15.99,12,5200120483751
MELTHEON WILD TYME 450G,15.5O,15.99,12,HELLEN483751
ROMEO Y JULIETA LOTUS LIGHTER,1UNIT,39.99,13,4000136
CROWN ROYAL WINE BARREL 750ML,750ML,69.99,14,82000782384
GREAT DIVIDE SAMURAI RICE ALE 15PK CANS,12OZ,16.99,15,W00030276382
GREAT DIVIDE SAMURAI RICE ALE 15PK CANS,12OZ,16.99,15,790586001514
PLANETA ROSE,750ML,14.99,16,8678520250
PLANETA ROSE,750ML,14.99,16,86785250250
PLANETA ROSE,750ML,14.99,16,W00410187253
MAS DE LA DAME ROSE 16,750ML,15.99,17,86785180137
MAS DE LA DAME ROSE 16,750ML,15.99,17,W0041032163
COLOMBO ROSE CAPE BLEUE 3L,3.0L,79.99,18,8678530981
COLOMBO ROSE CAPE BLEUE 3L,3.0L,79.99,18,86785350981
POGGIO BONELLI 12 POGGOASSAI,750ML,43.99,19,W000473398
POGGIO BONELLI 12 POGGOASSAI,750ML,43.99,19,852480004111
GIROLAMO RUSSO* A RINA 2014 / 2015,750ML,32.99,20,W00026L23180
GIROLAMO RUSSO* A RINA 2014 / 2015,750ML,32.99,20,643657812017
RAMONA GRAPEFRUIT 4PACK ONLY,250ML,19.99,21,10736040538476
RAMONA GRAPEFRUIT 4PACK ONLY,250ML,19.99,21,4000211
RAMONA GRAPEFRUIT 4PACK ONLY,250ML,19.99,21,W00516ZR100
RAMONA GRAPEFRUIT 4PACK ONLY,250ML,19.99,21,736040540304
RAMONA GRAPEFRUIT 4PACK ONLY,250ML,19.99,21,8033116405676
CAYMUS CAB SP SELECT 14,1.5L,474.99,22,4000228
CAYMUS CAB SP SELECT 14,1.5L,474.99,22,W0012028439-13
CAYMUS CAB SP SELECT 14,1.5L,474.99,22,W0012028439-14
CAYMUS CAB SP SELECT 14,1.5L,474.99,22,17224120100
DI LEONARDO P GRIGIO,750ML,14.99,23,4000235
DI LEONARDO P GRIGIO,750ML,14.99,23,W00120410362
DI LEONARDO MERLOT,750ML,12.99,24,4000242
DI LEONARDO MERLOT,750ML,12.99,24,W00120410363
TAKARI MIRIN,750ML,11.99,25,4000259
TAKARI MIRIN,750ML,11.99,25,W00120210020
CAPRAI 15 MONTEFALCO ROSSO,750ML,23.99,26,4000266
CAPRAI 15 MONTEFALCO ROSSO,750ML,23.99,26,W0025027713
CAPRAI 15 MONTEFALCO ROSSO,750ML,23.99,26,W00130942359
CAPRAI 15 MONTEFALCO ROSSO,750ML,23.99,26,720815160330
CARPENE MALVOLTI PROSECCO 187,187ML,5.99,28,4000280
CARPENE MALVOLTI PROSECCO 187,187ML,5.99,28,W00130963698
CARPENE MALVOLTI PROSECCO 187,187ML,5.99,28,W00410227587
ROYAL BRACKLA 16YR,750ML,139.99,30,W0040015416
ROYAL BRACKLA 16YR,750ML,139.99,30,80480006198
ABERFELDY 16YR,750ML,109.99,31,W0040014662
ABERFELDY 16YR,750ML,109.99,31,80480006167
DEVERON 18YR,750ML,119.99,32,W0040015436
DEVERON 18YR,750ML,119.99,32,80480006150
CRAIGELLACHIE 17YR,750ML,169.99,33,W0040015443
CRAIGELLACHIE 17YR,750ML,169.99,33,80480005399
ARRAN 14YR,750ML,79.99,34,W00538128065
ARRAN 14YR,750ML,79.99,34,892032050012
CAORUNN GIN 750ML,750ML,41.99,35,W00538704593
CAORUNN GIN 750ML,750ML,41.99,35,632070100245
BARREL HOUSE JANE RAE'S 16OZ 4PK CANS,16OZ,14.79,36,859302006315
BARREL HOUSE JANE RAE'S 16OZ 4PK CANS,16OZ,14.79,36,W001269920500
FREEMARK ABBEY RUTHERFORD CAB SAUV,750ML,69.99,37,W00536404733
FREEMARK ABBEY RUTHERFORD CAB SAUV,750ML,69.99,37,15917029037
FUNKY BUDDHA LAST SNOW PORTER 22OZ,22OZ,12.99,38,858674005223
FUNKY BUDDHA LAST SNOW PORTER 22OZ,22OZ,12.99,38,G00282FULS22
FUNKY BUDDHA LAST SNOW PORTER 22OZ,22OZ,12.99,38,W00319FULS22
FUNKY BUDDHA LAST SNOW PORTER 22OZ,22OZ,12.99,38,W00319100660
FUNKY BUDDHA PINEAPPLE BEACH 6PK,12OZ,12.19,39,858674005063
FUNKY BUDDHA PINEAPPLE BEACH 6PK,12OZ,12.19,39,G00282FUPB46
FUNKY BUDDHA PINEAPPLE BEACH 6PK,12OZ,12.19,39,W00319FUPB46
CHOCOVINE WHIPPED,750ML,9.99,40,859775001305
LE GRAND NOIR BRUT,750ML,14.99,41,84279995595
BOLLA CHARDONNAY,1.5L,13.99,44,80516650326
BOLLA MERLOT,1.5L,13.99,45,80516650425
BOLLA PINOT GRIGIO,1.5L,13.99,46,80516650524
BOLLA VALPOLICELLA,1.5L,13.99,47,80516651026
FOLONARI VALPOLICELLA,1.5L,13.99,48,89744327604
FONTANA CANDIDA PINOT GRIGIO,750ML,9.99,49,80516655345
LA FRANCESCA PINOT GRIGIO,1.5L,9.99,50,31259013909
LOMBARDO DRY MARSALA,750ML,9.99,51,88320001228
RIUNITE MOSCATO 1.5,1.5L,10.99,52,80516135427
RIUNITE BIANCO 1.5,1.5L,10.99,53,80516135229
RIUNITE PEACH MOSCATO 1.5,1.5L,10.99,54,80516113722
RIUNITE LAMBRUSCO 3L,3.0L,15.39,55,80516135106
BOSCHENDAL GARDEN ROSE,750ML,10.99,57,663194000555
FAIRBANKS PORT 1.5,1.5L,11.99,58,8553407
FAIRBANKS PORT 3L,3.0L,17.99,59,8553504
FAIRBANKS PORT 3L,3.0L,17.99,59,W00265113441
SCAVINO 13 BAROLO BRICCO AMBROGIO 1.5L,1.5L,127.99,60,4000600
SCAVINO 13 BAROLO BRICCO AMBROGIO 1.5L,1.5L,127.99,60,W005167292PK
SCAVINO 13 BAROLO BRICCO AMBROGIO 1.5L,1.5L,127.99,60,8032636133755
SCAVINO 13 BAROLO BRIC DEL FIASC 1.5L,1.5L,189.99,61,4000617
SCAVINO 13 BAROLO BRIC DEL FIASC 1.5L,1.5L,189.99,61,W005167292PQ
SCAVINO 13 BAROLO CANNUBI 1.5L,1.5L,189.99,62,4000624
SCAVINO 13 BAROLO CANNUBI 1.5L,1.5L,189.99,62,W005167292PO
OLD POTRERO RYE,750ML,61.99,63,W001357848
OLD POTRERO RYE,750ML,61.99,63,600280010050
OLD POTRERO RYE,750ML,61.99,63,600280010067
OLD POTRERO RYE,750ML,61.99,63,W001357850
PASTENE MARSALA,750ML,5.49,64,761666000581
SHEFFIELD TAWNY PORT,750ML,5.99,65,8555201
FAIRBANKS CREAM SHERRY 1.5,1.5L,9.99,66,8554309
FAIRBANKS SHERRY 1.5,1.5L,9.99,67,8553902
FAIRBANKS SHERRY,750ML,5.79,68,8553708
FAIRBANKS CREAM SHERRY,750ML,5.79,69,8554105
DESIREE CHOC DESSERT WINE,375ML,18.99,70,732048003414
G&D DRY 1.5,1.5L,7.99,71,77490001077
AMERICAN SPIRIT ORGANIC POUCH (MAROON),1UNIT,14.99,72,4799500082
AMERICAN SPIRIT ORGANIC POUCH (MAROON),1UNIT,14.99,72,W00315955056
AMERICAN SPIRIT ORGANIC POUCH (MAROON),1UNIT,14.99,72,W00315268086
G&D DRY 3L,3.0L,12.99,74,77490817012
WELCH'S SPARKLING JUICE,750ML,3.99,75,41800704361
POGGIO AL TESORO VERMENTINO,750ML,23.99,76,812650020006
POGGIO AL TESORO VERMENTINO,750ML,23.99,76,W00471905753
ARIEL BRUT,750ML,6.00,77,89121880029
BALLATORE MOSCATO ROSE,750ML,8.99,78,85000011379
BAREFOOT BUBBLY PEACH FUSION,750ML,10.99,79,85000022733
COOKS BRUT,750ML,8.99,81,83804047211
COOKS BRUT 4PK,187ML,8.99,82,83804077768
COOKS GRAND RESERVE,750ML,8.99,83,83804047150
GREY GOOSE CITRON VODKA 375ML,375ML,21.99,84,83089570350
GREY GOOSE CITRON VODKA 375ML,375ML,21.99,84,W0013519839
GREY GOOSE CITRON VODKA 375ML,375ML,21.99,84,80480282059
GREY GOOSE CITRON VODKA 375ML,375ML,21.99,84,W0040019839
GREAT WESTERN BRUT,750ML,8.99,87,641185000630
GREY GOOSE CITRON VODKA LTR,1.0L,39.99,88,83089570107
GREY GOOSE CITRON VODKA LTR,1.0L,39.99,88,W0013519833
GREY GOOSE CITRON VODKA LTR,1.0L,39.99,88,80480282035
GREY GOOSE CITRON VODKA LTR,1.0L,39.99,88,W00400F331
GREY GOOSE CITRON VODKA 750ML,750ML,29.99,89,83089570008
GREY GOOSE CITRON VODKA 750ML,750ML,29.99,89,W0013519836
GREY GOOSE CITRON VODKA 750ML,750ML,29.99,89,W0013519837
GREY GOOSE CITRON VODKA 750ML,750ML,29.99,89,W0013519849
GREY GOOSE CITRON VODKA 750ML,750ML,29.99,89,80480282097
GREY GOOSE CITRON VODKA 750ML,750ML,29.99,89,80480282042
GREY GOOSE CITRON VODKA 750ML,750ML,29.99,89,W00400A333
GREY GOOSE CITRON VODKA 750ML,750ML,29.99,89,W00400903112
GREY GOOSE CITRON VODKA 750ML,750ML,29.99,89,W0040019836
GREY GOOSE CITRON VODKA 750ML,750ML,29.99,89,W0040019833
GREY GOOSE CITRON VODKA 750ML,750ML,29.99,89,W0040019896
GREY GOOSE CITRON VODKA 750ML,750ML,29.99,89,W0040019836
GREY GOOSE CITRON VODKA 1.75,1.75L,59.99,90,4000907
GREY GOOSE CITRON VODKA 1.75,1.75L,59.99,90,83089570176
GREY GOOSE CITRON VODKA 1.75,1.75L,59.99,90,W0013519830
GREY GOOSE CITRON VODKA 1.75,1.75L,59.99,90,W0013519831
GREY GOOSE CITRON VODKA 1.75,1.75L,59.99,90,80480282028
GREY GOOSE CITRON VODKA 1.75,1.75L,59.99,90,W0040019831
HENDRICKS GIN 50ML,50ML,5.99,91,83664866328
HENDRICKS GIN 50ML,50ML,5.99,91,W00477406417
HENDRICKS GIN 50ML,50ML,5.99,91,W00538135227
GREAT WESTERN EXTRA DRY,750ML,8.99,92,641185000531
VILLA JOLANDA PEACH MOSCATO,750ML,9.99,93,15643257896
BOSCA SPARKLETINI APPLE,750ML,6.99,95,38075207307
BOSCA SPARKLETINI PEACH,750ML,6.99,96,38075206300
BOSCA SPARKLETINI RASPBERRY,750ML,6.99,97,38075205303
CHRISTINA GRAN SPUMANTE,750ML,7.00,99,8008863024029
